"Text","Date","Time","Draft","Facebook","Twitter","LinkedIn","GBP","Instagram","Pinterest","TikTok","YouTube","Threads","Bluesky","Picture Url 1","Picture Url 2","Picture Url 3","Picture Url 4","Picture Url 5","Picture Url 6","Picture Url 7","Picture Url 8","Picture Url 9","Picture Url 10"
"Le preguntamos a ChatGPT por una asesora de inversiones en Chile. Recomendó tres. Las tres se parecían en algo: una página que un motor de IA puede leer sin problemas.

No es casualidad. Estos modelos no citan al que más gasta en marketing. Citan al que pueden entender.

Abre tu sitio y mira el título de la portada. ¿Dice a qué te dedicas, o solo el nombre de la empresa?

spindlelab.cl

#SEO #InteligenciaArtificial #InversionesChile #Chile","2026-07-24","19:00:00","FALSE","FALSE","FALSE","FALSE","FALSE","TRUE","FALSE","FALSE","FALSE","FALSE","FALSE","https://drive.google.com/file/d/18iSMMK7TcELPaxskkl6aw7zkpZTHRn4-/view?usp=sharing","","","","","","","","",""
"No existe forma de pagarle a OpenAI para que ChatGPT recomiende tu empresa.

Es el mito que más nos toca desarmar. La idea de que ahí hay un espacio publicitario, y que quien lo compra aparece en la respuesta.

ChatGPT, Gemini y Perplexity citan páginas que pueden leer y entender. No avisos.

Dos casos que revisamos este mes: un sitio respondía con error a cualquier lector automatizado, sin excepción. Otro no tenía ni una línea de descripción en la portada. Ninguno de los dos tenía un problema de contenido. Los dos tenían un problema técnico, puntual y arreglable.

El otro mito que suele venir pegado: ""si mi sitio se ve bien, está bien"". Se ve bien para una persona. Un motor de IA está leyendo otra cosa.

Si alguien te ofreció posicionarte en ChatGPT pagando, pídele que te explique dónde exactamente se compra ese espacio. La respuesta te va a ahorrar plata.

#SEO #IA #Chile","2026-07-28","09:00:00","FALSE","FALSE","FALSE","TRUE","FALSE","FALSE","FALSE","FALSE","FALSE","FALSE","FALSE","","","","","","","","","",""
"El error más caro al pedir cotizaciones de SEO no es elegir la más cara. Es comparar dos cosas que no son lo mismo.

Un diagnóstico puntual en Chile se mueve entre $200.000 y $2.500.000 CLP, según el tamaño del sitio. Un acompañamiento mensual va de $80.000 a $1.500.000 CLP, según la profundidad del trabajo.

Son preguntas distintas. Una te dice qué está fallando y por qué. La otra es alguien trabajando en tu sitio todos los meses.

Cuando llegan tres propuestas y una parece mucho más barata, casi siempre es porque está respondiendo la pregunta más chica.

Publicamos la guía completa con las referencias reales del mercado, incluyendo qué cambia cuando entra AEO/GEO. Va en el primer comentario.

#SEO #AEO #Chile","2026-07-30","09:00:00","FALSE","FALSE","FALSE","TRUE","FALSE","FALSE","FALSE","FALSE","FALSE","FALSE","FALSE","","","","","","","","","",""
"Una auditoría SEO técnica en Chile cuesta entre $200.000 y $2.500.000 CLP. Un acompañamiento mensual, entre $80.000 y $1.500.000 CLP. Son preguntas distintas: diagnóstico puntual versus trabajo sostenido en el tiempo.

La guía completa: spindlelab.cl/blog/cuanto-cuesta-seo-tecnico-chile

#SEO #Chile #AEO","2026-07-31","19:00:00","FALSE","FALSE","FALSE","FALSE","FALSE","TRUE","FALSE","FALSE","FALSE","FALSE","FALSE","https://drive.google.com/file/d/1OuV6YDBmU_QHYLlMdkCti2iwhEHkBY8Q/view?usp=sharing","","","","","","","","",""
"Tu sitio se ve impecable. Esto es lo que recibe ChatGPT cuando entra.

Un div vacío. Nada más.

Nos pasó revisando el sitio de una asesora financiera: moderno, rápido, impecable de mirar. Pero está construido como una aplicación de JavaScript, donde el contenido se arma recién en el navegador de la persona. Los rastreadores que alimentan a ChatGPT y Perplexity no ejecutan eso, así que reciben una página en blanco.

Toda la trayectoria, los premios, la prensa. Invisibles.

No es un problema de contenido. Es cómo está construido el sitio, y tiene arreglo.

¿Quieres ver el tuyo como lo ve un rastreador? Abre tu portada, clic derecho, ""ver código fuente de la página"". Si ahí no aparece tu texto, la IA tampoco lo está viendo.

#SEO #IA #Chile","2026-08-06","09:00:00","FALSE","FALSE","FALSE","TRUE","FALSE","FALSE","FALSE","FALSE","FALSE","FALSE","FALSE","https://drive.google.com/file/d/1kEVCCseEf0OPIXR7Dgwi2lqDlHQz8zLO/view?usp=sharing","","","","","","","","",""
"Cinco cosas que puedes revisar hoy en tu propio sitio, sin saber nada técnico.

Son las mismas cinco, en el mismo orden, que miramos nosotros cuando revisamos un sitio para ver si la IA puede leerlo.

1. El título de la página. ¿Dice qué hace la empresa y dónde, o solo el nombre?
2. La descripción. ¿Existe, o está vacía o cortada a la mitad?
3. Los datos estructurados. ¿El sitio se identifica bien (clínica dental, asesora financiera) o de forma genérica?
4. El robots.txt. ¿Deja pasar a los rastreadores de IA, o los bloquea sin querer?
5. Las señales de entidad. ¿Hay forma de que un motor sepa que esta empresa es distinta de otra con nombre parecido?

Ninguna requiere rehacer el sitio. Todas definen si apareces cuando alguien pregunta por tu rubro.

El carrusel trae el ""así no"" y el ""así sí"" de cada una. Parte por la 4, que es la que más sorprende.

#SEO #AEO #Chile","2026-08-11","19:00:00","FALSE","FALSE","FALSE","FALSE","FALSE","TRUE","FALSE","FALSE","FALSE","FALSE","FALSE","https://drive.google.com/file/d/18Co8BIlKTJO7PhupO6kof5rXoSvytDND/view?usp=sharing","https://drive.google.com/file/d/1G55NBupPojbpOCJmlcEMRfsco7EfWWAQ/view?usp=sharing","https://drive.google.com/file/d/1YoeM6M8MzJHnU1EoBwMBincmt404TY24/view?usp=sharing","https://drive.google.com/file/d/1a8DS_ldNb07AkStnkGpg8foFQgSllycS/view?usp=sharing","https://drive.google.com/file/d/11zwtLo1i7nrHygNG0mEJ1oyUH1ZF1bgZ/view?usp=sharing","https://drive.google.com/file/d/1OsE2OnP-yJeIV1RDM_BP-rYfbnChfLzb/view?usp=sharing","https://drive.google.com/file/d/1DiLd6ZLvKbYHMn36MdXaYiLGN8yi85LN/view?usp=sharing","","",""
"¿Sabías que hay clínicas que le dicen a Google, literalmente, que son ""una organización""?

Ni dental, ni médica, ni dónde quedan. Y así compiten por aparecer.

Los datos estructurados son la ficha que un sitio le entrega a los buscadores y a la IA para explicar qué es. Revisando clínicas este mes encontramos varias que sí la tienen, pero mal puesta: se declaran como ""Organization"" genérica en vez de ""Dentist"". Otras no incluyen el nombre de su fundadora, aunque toda la marca sea su nombre.

Para un motor que arma respuestas por categoría, esa diferencia decide si te incluye o no cuando alguien pregunta por clínicas dentales en su comuna.

Es un arreglo técnico chico con efecto grande.

Si tu sitio lo hizo una agencia, pregúntales qué tipo declara tu ficha. La respuesta te va a decir bastante.

#SEO #AEO #Chile","2026-08-13","09:00:00","FALSE","FALSE","FALSE","TRUE","FALSE","FALSE","FALSE","FALSE","FALSE","FALSE","FALSE","https://drive.google.com/file/d/1_1hrCGr8tBE0AfA5_tH-uwnLlohZcJAC/view?usp=sharing","","","","","","","","",""
"¿Sabías que hay clínicas que le dicen a Google, literalmente, que son ""una organización""?

Ni dental, ni médica, ni dónde quedan. Y así compiten por aparecer.

Los datos estructurados son la ficha que tu sitio le entrega a los buscadores y a la IA para explicar qué eres. Revisando clínicas este mes encontramos varias que la tienen mal puesta.

Para un motor que arma respuestas por categoría, esa diferencia decide si te incluye o no.

Si tu sitio lo hizo una agencia, pregúntales qué tipo declara tu ficha.

#SEO #InteligenciaArtificial #ChatGPT #Chile #ClinicaDental #AEO #MarketingDigital","2026-08-14","19:00:00","FALSE","FALSE","FALSE","FALSE","FALSE","TRUE","FALSE","FALSE","FALSE","FALSE","FALSE","https://drive.google.com/file/d/1_1hrCGr8tBE0AfA5_tH-uwnLlohZcJAC/view?usp=sharing","","","","","","","","",""
"Tu competencia no te gana por presupuesto. Te gana porque a ella sí la pueden leer.

Este mes revisamos más de 20 sitios de empresas chilenas, entre asesoras financieras y clínicas. Varios rankean bien en Google y son ilegibles para los motores de IA: bloqueados por su propio robots.txt, construidos como apps que llegan vacías, o sin señales para desambiguar quiénes son.

Google indexa páginas. La IA arma una respuesta y cita dos o tres fuentes que pueda entender con claridad. Estar en el primer juego no te mete en el segundo.

Búscate en Google y después hazle la misma pregunta a ChatGPT. Compara las dos respuestas. Esa distancia es la que estamos hablando.

#SEO #IA #Chile","2026-08-18","09:00:00","FALSE","FALSE","FALSE","TRUE","FALSE","FALSE","FALSE","FALSE","FALSE","FALSE","FALSE","https://drive.google.com/file/d/1VKu0ljTPvbQpOP0gfuYED8rm8IJX9IZY/view?usp=sharing","","","","","","","","",""
"Si tu reputación vive en la prensa y no en tu sitio, para la IA no es tuya.

Es uno de los patrones que más vimos este mes. Empresas con premios, entrevistas y un equipo reconocido, cuya credibilidad está publicada en Diario Financiero, Citywire o la prensa del rubro, pero cuyo sitio no menciona a las personas detrás ni enlaza nada de eso.

Para Google y para los motores de IA, esa autoridad existe en el aire, sin dueño verificable.

En finanzas y en salud, donde nadie contrata a ciegas, esa desconexión sale cara. Y se arregla conectando lo que ya construiste, no construyendo algo nuevo.

Cuenta cuántos enlaces hay en tu sitio a la prensa que te ha nombrado. Si la cuenta da cero, ahí tienes trabajo ya hecho que nadie te está atribuyendo.

#SEO #AEO #Chile","2026-08-20","09:00:00","FALSE","FALSE","FALSE","TRUE","FALSE","FALSE","FALSE","FALSE","FALSE","FALSE","FALSE","https://drive.google.com/file/d/19LuzB2NXSVxbjb6qkjp3Eytv_usokSk_/view?usp=sharing","","","","","","","","",""
"Si tu reputación vive en la prensa y no en tu sitio, para la IA no es tuya.

Premios, entrevistas, un equipo reconocido. Si tu sitio no los menciona ni los enlaza, esa credibilidad existe en el aire, sin dueño verificable.

Para Google y para los motores de IA, no hay forma de atribuírtela.

Cuenta cuántos enlaces hay en tu sitio a la prensa que te ha nombrado. Si la cuenta da cero, ahí tienes trabajo ya hecho que nadie te está atribuyendo.

#SEO #InteligenciaArtificial #Chile #MarcaPersonal #AEO #MarketingDigital","2026-08-21","19:00:00","FALSE","FALSE","FALSE","FALSE","FALSE","TRUE","FALSE","FALSE","FALSE","FALSE","FALSE","https://drive.google.com/file/d/19LuzB2NXSVxbjb6qkjp3Eytv_usokSk_/view?usp=sharing","","","","","","","","",""
"Lo que arreglamos casi nunca es rehacer el sitio.

""¿Y esto cuánto cuesta?"" es la pregunta que más nos hacen. La respuesta honesta es que depende de qué esté fallando, pero casi siempre son cuatro señales técnicas:

Un título que diga qué haces y dónde. Datos estructurados bien puestos. Desbloquear a los rastreadores de IA. Conectar tu autoridad con tu dominio.

Nada de eso es un rediseño. Como referencia de mercado, un diagnóstico técnico en Chile parte desde unos $200.000 y un acompañamiento mensual desde unos $80.000.

El mini-diagnóstico que te muestra en qué estado estás es gratis y llega en 48 horas. Pídelo, míralo, y decides después.

#SEO #Chile","2026-08-25","09:00:00","FALSE","FALSE","FALSE","TRUE","FALSE","FALSE","FALSE","FALSE","FALSE","FALSE","FALSE","https://drive.google.com/file/d/1Cog-KNCq1nC2O1S3iHK8rGVQEgJfeQ3v/view?usp=sharing","","","","","","","","",""
"Nadie puede garantizarte que vas a aparecer primero en ChatGPT. Quien te lo prometa, miente.

Cerramos el mes con la promesa que no te vamos a hacer.

Lo que sí se puede: que tu sitio sea legible, citable y esté bien identificado. Esa es la condición para siquiera entrar en la conversación. El resto lo decide el motor, con señales que se construyen, no que se compran.

Este mes mostramos, con casos reales, la diferencia entre lo que la IA ve y lo que no ve de un negocio: un robots.txt que bloqueaba a todos los rastreadores, sitios que llegan vacíos, clínicas declaradas como ""una organización"", reputación sin dueño verificable.

Si quieres saber de qué lado está el tuyo, el mini-diagnóstico es gratis.

#SEO #IA #Chile","2026-08-27","09:00:00","FALSE","FALSE","FALSE","TRUE","FALSE","FALSE","FALSE","FALSE","FALSE","FALSE","FALSE","https://drive.google.com/file/d/1qbbtcoxGA9XgASdGPhlp28gyk08H14FP/view?usp=sharing","","","","","","","","",""
"Nadie puede garantizarte que vas a aparecer primero en ChatGPT. Quien te lo prometa, miente.

Lo que sí se puede: que tu sitio sea legible, citable y esté bien identificado. Esa es la condición para siquiera entrar en la conversación.

El resto lo decide el motor, con señales que se construyen, no que se compran.

Cerramos agosto mostrando, con casos reales, la diferencia entre lo que la IA ve y lo que no ve de un negocio. Mini-diagnóstico gratis, link en bio.

#SEO #InteligenciaArtificial #ChatGPT #Chile #AEO #MarketingDigital","2026-08-28","19:00:00","FALSE","FALSE","FALSE","FALSE","FALSE","TRUE","FALSE","FALSE","FALSE","FALSE","FALSE","https://drive.google.com/file/d/1qbbtcoxGA9XgASdGPhlp28gyk08H14FP/view?usp=sharing","","","","","","","","",""
